,Quote,Yield,modduration
DK0002044551,96.775,0.0125502261,12.946642702
DE0001141794,101.9385,-0.006976,2.76447
